"日付け","終値","始値","高値","安値","出来高","変化率 %"
"2023-10-19","1,201.85","1,200.97","1,209.39","1,198.53","","-1.03%"
"2023-10-18","1,214.38","1,226.69","1,227.64","1,210.52","","-0.59%"
"2023-10-17","1,221.61","1,227.56","1,231.55","1,214.96","","0.53%"
"2023-10-16","1,215.23","1,220.08","1,224.98","1,211.74","","-1.02%"
"2023-10-13","1,227.73","1,235.43","1,240.26","1,225.04","","-1.51%"
"2023-10-12","1,246.60","1,233.89","1,248.41","1,232.63","","1.82%"
"2023-10-11","1,224.37","1,226.12","1,232.66","1,221.87","","-0.54%"
"2023-10-10","1,230.96","1,223.49","1,234.56","1,223.49","","1.90%"
"2023-10-06","1,208.01","1,204.44","1,213.57","1,200.73","","0.25%"
"2023-10-05","1,205.05","1,194.08","1,206.78","1,187.72","","1.90%"
"2023-10-04","1,182.53","1,195.46","1,200.35","1,181.43","","-2.63%"
"2023-10-03","1,214.47","1,243.45","1,243.45","1,213.57","","-3.02%"
"2023-10-02","1,252.27","1,257.06","1,273.27","1,252.27","","0.31%"
"2023-09-29","1,248.36","1,256.04","1,256.55","1,245.05","","-0.38%"
"2023-09-28","1,253.15","1,261.22","1,263.35","1,248.09","","-1.33%"
"2023-09-27","1,270.08","1,261.40","1,270.08","1,255.35","","0.03%"
"2023-09-26","1,269.74","1,278.23","1,278.60","1,267.62","","-0.51%"
"2023-09-25","1,276.29","1,271.83","1,279.19","1,268.59","","0.54%"
"2023-09-22","1,269.44","1,265.00","1,275.72","1,260.70","","-0.62%"
"2023-09-21","1,277.38","1,285.81","1,291.83","1,275.49","","-0.67%"
"2023-09-20","1,286.00","1,293.95","1,296.04","1,286.00","","-0.50%"
"2023-09-19","1,292.45","1,283.98","1,292.57","1,282.70","","0.61%"
"2023-09-15","1,284.67","1,286.26","1,291.40","1,283.28","","0.73%"
"2023-09-14","1,275.39","1,263.59","1,276.61","1,263.59","","1.06%"
"2023-09-13","1,261.97","1,269.21","1,271.50","1,258.89","","-0.49%"
"2023-09-12","1,268.20","1,266.13","1,270.87","1,259.73","","0.59%"
"2023-09-11","1,260.77","1,273.00","1,273.00","1,258.57","","-0.55%"
"2023-09-08","1,267.77","1,279.87","1,280.78","1,266.41","","-1.23%"
"2023-09-07","1,283.52","1,282.13","1,292.62","1,281.22","","-0.11%"
"2023-09-06","1,284.87","1,281.21","1,287.25","1,279.77","","0.15%"
"2023-09-05","1,282.98","1,282.55","1,284.26","1,275.95","","-0.12%"
"2023-09-04","1,284.46","1,274.63","1,284.46","1,271.13","","1.11%"
"2023-09-01","1,270.38","1,260.97","1,272.77","1,259.11","","0.66%"
"2023-08-31","1,262.01","1,251.29","1,262.71","1,251.29","","0.71%"
"2023-08-30","1,253.14","1,251.84","1,256.75","1,250.04","","0.13%"
"2023-08-29","1,251.47","1,252.14","1,255.13","1,247.52","","0.07%"
"2023-08-28","1,250.62","1,239.23","1,250.62","1,239.23","","1.46%"
"2023-08-25","1,232.63","1,227.91","1,233.35","1,227.34","","-0.28%"
"2023-08-24","1,236.12","1,230.53","1,237.41","1,227.68","","0.35%"
"2023-08-23","1,231.85","1,215.10","1,232.05","1,214.67","","0.99%"
"2023-08-22","1,219.82","1,212.40","1,219.82","1,209.92","","0.55%"
"2023-08-21","1,213.16","1,214.06","1,217.99","1,208.59","","0.35%"
"2023-08-18","1,208.95","1,202.12","1,210.74","1,199.63","","-0.34%"
"2023-08-17","1,213.08","1,218.01","1,218.47","1,198.16","","-0.71%"
"2023-08-16","1,221.70","1,227.96","1,230.66","1,220.73","","-1.48%"
"2023-08-15","1,240.01","1,249.03","1,251.12","1,239.02","","-0.77%"
"2023-08-14","1,249.67","1,241.99","1,260.08","1,241.60","","0.94%"
"2023-08-10","1,238.09","1,217.94","1,238.09","1,215.85","","1.37%"
"2023-08-09","1,221.36","1,220.77","1,223.83","1,214.66","","-0.53%"
"2023-08-08","1,227.90","1,226.49","1,229.71","1,223.95","","0.75%"
"2023-08-07","1,218.71","1,208.68","1,219.48","1,206.66","","0.16%"
"2023-08-04","1,216.74","1,208.89","1,224.31","1,206.62","","-0.11%"
"2023-08-03","1,218.05","1,230.91","1,231.44","1,213.98","","-2.16%"
"2023-08-02","1,244.93","1,242.75","1,255.80","1,240.12","","-0.37%"
"2023-08-01","1,249.61","1,239.73","1,251.24","1,239.73","","1.02%"
"2023-07-31","1,237.01","1,231.47","1,238.24","1,227.74","","1.35%"
"2023-07-28","1,220.52","1,208.34","1,222.58","1,203.76","","0.01%"
"2023-07-27","1,220.45","1,216.52","1,221.22","1,210.10","","-0.05%"
"2023-07-26","1,221.00","1,220.40","1,221.51","1,214.37","","0.29%"
"2023-07-25","1,217.50","1,206.85","1,217.50","1,205.32","","1.27%"
"2023-07-24","1,202.28","1,202.42","1,205.20","1,198.27","","0.58%"
"2023-07-21","1,195.34","1,191.64","1,196.56","1,186.69","","0.27%"
"2023-07-20","1,192.12","1,196.97","1,201.80","1,191.83","","-0.37%"
"2023-07-19","1,196.55","1,193.55","1,196.55","1,189.50","","1.12%"
"2023-07-18","1,183.25","1,179.81","1,186.35","1,177.40","","0.41%"
"2023-07-14","1,178.46","1,181.32","1,182.52","1,170.87","","0.14%"
"2023-07-13","1,176.80","1,177.42","1,179.89","1,170.84","","0.23%"
"2023-07-12","1,174.11","1,181.90","1,181.98","1,167.64","","-0.57%"
"2023-07-11","1,180.83","1,192.30","1,194.25","1,178.53","","-0.46%"
"2023-07-10","1,186.32","1,190.87","1,194.52","1,184.33","","-0.07%"
"2023-07-07","1,187.20","1,186.29","1,197.32","1,181.46","","-0.89%"
"2023-07-06","1,197.91","1,209.13","1,209.13","1,195.33","","-1.41%"
"2023-07-05","1,215.08","1,210.92","1,218.56","1,206.18","","-0.38%"
"2023-07-04","1,219.67","1,226.88","1,226.96","1,219.67","","-0.86%"
"2023-07-03","1,230.24","1,223.81","1,231.60","1,223.81","","1.24%"
"2023-06-30","1,215.16","1,215.56","1,217.61","1,208.05","","-0.04%"
"2023-06-29","1,215.62","1,224.54","1,227.14","1,212.65","","-1.24%"
"2023-06-28","1,230.93","1,209.43","1,230.93","1,208.88","","2.46%"
"2023-06-27","1,201.35","1,208.34","1,208.47","1,194.96","","-0.34%"
"2023-06-26","1,205.43","1,203.08","1,212.47","1,197.31","","0.34%"
"2023-06-23","1,201.29","1,213.66","1,220.26","1,196.78","","-0.90%"
"2023-06-22","1,212.17","1,212.43","1,218.14","1,210.37","","-0.10%"
"2023-06-21","1,213.44","1,199.53","1,215.18","1,199.01","","0.62%"
"2023-06-20","1,206.01","1,204.38","1,208.52","1,198.76","","-0.44%"
"2023-06-19","1,211.29","1,216.34","1,220.41","1,206.27","","-0.07%"
"2023-06-16","1,212.11","1,211.82","1,212.62","1,202.85","","-0.18%"
"2023-06-15","1,214.32","1,205.23","1,219.66","1,201.20","","0.69%"
"2023-06-14","1,206.04","1,200.76","1,207.70","1,197.50","","1.09%"
"2023-06-13","1,193.04","1,190.80","1,197.45","1,186.62","","0.57%"
"2023-06-12","1,186.33","1,177.64","1,186.66","1,176.91","","1.12%"
"2023-06-09","1,173.15","1,163.40","1,174.11","1,163.40","","1.24%"
"2023-06-08","1,158.74","1,172.36","1,173.49","1,153.41","","-0.79%"
"2023-06-07","1,167.94","1,182.07","1,185.62","1,167.72","","-0.70%"
"2023-06-06","1,176.21","1,167.67","1,176.32","1,161.72","","-0.32%"
"2023-06-05","1,179.93","1,173.33","1,179.93","1,171.42","","1.87%"
"2023-06-02","1,158.27","1,144.75","1,158.66","1,144.09","","1.36%"
"2023-06-01","1,142.78","1,134.37","1,144.19","1,134.31","","0.50%"
"2023-05-31","1,137.09","1,146.71","1,146.73","1,136.87","","-1.36%"
"2023-05-30","1,152.74","1,154.96","1,157.03","1,144.77","","-0.38%"
"2023-05-29","1,157.11","1,163.06","1,166.63","1,157.05","","0.69%"
"2023-05-26","1,149.13","1,157.20","1,160.01","1,149.12","","-0.48%"
"2023-05-25","1,154.63","1,145.03","1,156.90","1,144.82","","0.43%"
"2023-05-24","1,149.71","1,153.23","1,153.25","1,146.29","","-0.47%"
"2023-05-23","1,155.14","1,167.43","1,170.71","1,152.25","","-0.64%"
"2023-05-22","1,162.63","1,152.65","1,164.24","1,150.85","","0.79%"
"2023-05-19","1,153.56","1,160.72","1,161.44","1,152.33","","-0.14%"
"2023-05-18","1,155.15","1,153.48","1,156.68","1,149.47","","0.50%"
"2023-05-17","1,149.45","1,149.79","1,152.09","1,145.47","","-0.26%"
"2023-05-16","1,152.46","1,160.56","1,160.56","1,148.99","","-0.31%"
"2023-05-15","1,156.02","1,153.58","1,158.23","1,147.76","","0.44%"
"2023-05-12","1,150.99","1,151.49","1,156.81","1,149.67","","0.32%"
"2023-05-11","1,147.37","1,156.23","1,160.92","1,145.91","","-1.14%"
"2023-05-10","1,160.55","1,159.73","1,162.72","1,156.81","","0.15%"
"2023-05-09","1,158.81","1,150.65","1,159.96","1,150.56","","0.80%"
"2023-05-08","1,149.57","1,149.40","1,154.22","1,146.56","","0.14%"
"2023-05-02","1,148.02","1,153.12","1,153.72","1,144.73","","-0.39%"
"2023-05-01","1,152.55","1,158.78","1,159.73","1,149.08","","-0.08%"
"2023-04-28","1,153.50","1,158.96","1,161.70","1,148.01","","0.55%"
"2023-04-27","1,147.17","1,139.35","1,148.20","1,136.73","","0.67%"
"2023-04-26","1,139.51","1,139.82","1,142.20","1,136.30","","-0.73%"
"2023-04-25","1,147.86","1,154.35","1,159.48","1,146.21","","-0.10%"
"2023-04-24","1,148.99","1,147.94","1,149.37","1,144.09","","0.39%"
"2023-04-21","1,144.51","1,140.32","1,147.61","1,139.37","","0.01%"
"2023-04-20","1,144.41","1,137.04","1,145.58","1,137.02","","0.24%"
"2023-04-19","1,141.68","1,143.53","1,145.39","1,138.60","","-0.37%"
"2023-04-18","1,145.96","1,146.54","1,149.40","1,144.77","","-0.05%"
"2023-04-17","1,146.53","1,146.40","1,149.32","1,140.06","","0.41%"
"2023-04-14","1,141.82","1,140.96","1,142.30","1,134.87","","0.45%"
"2023-04-13","1,136.68","1,132.01","1,136.68","1,128.44","","0.17%"
"2023-04-12","1,134.70","1,129.28","1,137.88","1,129.24","","0.92%"
"2023-04-11","1,124.39","1,124.08","1,126.43","1,120.01","","0.85%"
"2023-04-10","1,114.89","1,121.26","1,122.35","1,112.65","","-0.02%"
"2023-04-07","1,115.09","1,113.18","1,116.69","1,111.11","","0.33%"
"2023-04-06","1,111.44","1,117.71","1,118.16","1,109.62","","-1.30%"
"2023-04-05","1,126.03","1,141.52","1,143.87","1,125.50","","-2.39%"
"2023-04-04","1,153.56","1,152.70","1,155.52","1,149.29","","0.27%"
"2023-04-03","1,150.47","1,150.30","1,154.15","1,146.13","","0.83%"
"2023-03-31","1,141.04","1,137.38","1,145.30","1,137.38","","0.79%"
"2023-03-30","1,132.08","1,127.44","1,132.08","1,123.86","","-0.32%"
"2023-03-29","1,135.74","1,124.59","1,135.74","1,121.13","","1.63%"
"2023-03-28","1,117.51","1,123.18","1,125.55","1,114.83","","-0.07%"
"2023-03-27","1,118.31","1,123.40","1,123.40","1,114.59","","0.16%"
"2023-03-24","1,116.54","1,114.38","1,118.68","1,109.63","","-0.14%"
"2023-03-23","1,118.14","1,108.45","1,119.84","1,103.84","","0.07%"
"2023-03-22","1,117.39","1,117.30","1,120.83","1,114.77","","1.58%"
"2023-03-20","1,100.05","1,103.11","1,113.23","1,099.39","","-1.27%"
"2023-03-17","1,114.19","1,119.82","1,122.37","1,106.61","","0.41%"
"2023-03-16","1,109.60","1,109.78","1,110.18","1,095.40","","-1.76%"
"2023-03-15","1,129.47","1,127.89","1,135.17","1,124.28","","1.23%"
"2023-03-14","1,115.70","1,132.11","1,132.11","1,107.54","","-2.96%"
"2023-03-13","1,149.79","1,161.45","1,162.14","1,144.05","","-2.05%"
"2023-03-10","1,173.82","1,177.52","1,183.07","1,171.48","","-0.98%"
"2023-03-09","1,185.44","1,189.48","1,191.56","1,183.18","","0.28%"
"2023-03-08","1,182.09","1,175.67","1,183.55","1,173.74","","0.20%"
"2023-03-07","1,179.72","1,174.64","1,182.91","1,174.64","","0.45%"
"2023-03-06","1,174.38","1,172.84","1,177.70","1,170.66","","0.88%"
"2023-03-03","1,164.16","1,159.96","1,167.40","1,157.26","","0.50%"
"2023-03-02","1,158.39","1,167.84","1,167.84","1,157.34","","-0.39%"
"2023-03-01","1,162.95","1,149.81","1,164.15","1,149.81","","0.59%"
"2023-02-28","1,156.11","1,162.77","1,165.42","1,154.02","","-0.21%"
"2023-02-27","1,158.55","1,150.47","1,158.64","1,150.03","","0.91%"
"2023-02-24","1,148.06","1,142.90","1,149.73","1,142.12","","0.65%"
"2023-02-22","1,140.59","1,148.03","1,149.56","1,139.52","","-1.46%"
"2023-02-21","1,157.47","1,145.58","1,157.96","1,144.52","","1.15%"
"2023-02-20","1,144.29","1,139.13","1,144.29","1,136.17","","0.80%"
"2023-02-17","1,135.20","1,124.01","1,136.54","1,124.01","","0.25%"
"2023-02-16","1,132.36","1,131.52","1,133.97","1,126.81","","0.49%"
"2023-02-15","1,126.88","1,121.73","1,126.88","1,120.55","","0.83%"
"2023-02-14","1,117.65","1,117.25","1,119.79","1,114.41","","0.76%"
"2023-02-13","1,109.20","1,111.74","1,111.74","1,098.96","","-0.69%"
"2023-02-10","1,116.95","1,107.72","1,122.16","1,106.54","","0.67%"
"2023-02-09","1,109.47","1,093.59","1,109.80","1,093.59","","1.30%"
"2023-02-08","1,095.24","1,098.48","1,099.33","1,091.59","","-0.09%"
"2023-02-07","1,096.20","1,094.69","1,100.19","1,092.37","","-0.01%"
"2023-02-06","1,096.26","1,090.53","1,096.46","1,089.06","","1.17%"
"2023-02-03","1,083.63","1,085.51","1,088.71","1,082.65","","-0.32%"
"2023-02-02","1,087.07","1,093.24","1,093.37","1,082.78","","-0.72%"
"2023-02-01","1,094.91","1,107.50","1,110.02","1,094.27","","-1.55%"
"2023-01-31","1,112.16","1,110.84","1,113.74","1,108.69","","0.18%"
"2023-01-30","1,110.13","1,110.05","1,111.96","1,106.10","","-0.04%"
"2023-01-27","1,110.54","1,108.76","1,111.38","1,107.48","","0.24%"
"2023-01-26","1,107.83","1,107.58","1,114.20","1,106.14","","0.16%"
"2023-01-25","1,106.07","1,097.96","1,108.43","1,097.87","","0.66%"
"2023-01-24","1,098.81","1,093.23","1,099.13","1,093.15","","1.34%"
"2023-01-23","1,084.29","1,086.72","1,086.91","1,080.59","","0.85%"
"2023-01-20","1,075.16","1,062.78","1,075.16","1,062.13","","1.24%"
"2023-01-19","1,062.02","1,067.84","1,072.66","1,061.92","","-1.49%"
"2023-01-18","1,078.10","1,062.61","1,084.63","1,060.97","","1.39%"
"2023-01-17","1,063.31","1,058.49","1,065.32","1,055.28","","0.82%"
"2023-01-16","1,054.62","1,056.72","1,061.34","1,052.23","","-1.35%"
"2023-01-13","1,069.02","1,072.38","1,079.75","1,068.13","","-0.51%"
"2023-01-12","1,074.50","1,076.90","1,076.92","1,069.12","","0.15%"
"2023-01-11","1,072.84","1,068.82","1,072.98","1,064.37","","0.71%"
"2023-01-10","1,065.25","1,051.98","1,069.65","1,051.34","","1.74%"
"2023-01-06","1,047.08","1,037.73","1,048.11","1,036.15","","0.57%"
"2023-01-05","1,041.14","1,030.00","1,041.15","1,027.63","","1.27%"
"2023-01-04","1,028.11","1,027.18","1,030.54","1,017.52","","-0.81%"
"2022-12-30","1,036.51","1,039.98","1,044.00","1,036.51","","0.34%"
"2022-12-29","1,032.98","1,032.53","1,033.33","1,025.40","","-1.55%"
"2022-12-28","1,049.24","1,046.94","1,050.31","1,045.56","","-0.01%"
"2022-12-27","1,049.36","1,053.70","1,054.18","1,047.39","","0.05%"
"2022-12-26","1,048.79","1,044.73","1,048.79","1,044.28","","0.87%"
"2022-12-23","1,039.71","1,036.78","1,041.37","1,033.60","","-0.36%"
"2022-12-22","1,043.47","1,045.41","1,049.67","1,041.46","","0.40%"
"2022-12-21","1,039.36","1,049.88","1,053.99","1,039.36","","-1.50%"
"2022-12-20","1,055.18","1,076.57","1,079.27","1,048.43","","-2.13%"
"2022-12-19","1,078.17","1,079.87","1,081.57","1,075.68","","-0.64%"
"2022-12-16","1,085.08","1,088.69","1,094.00","1,084.20","","-1.43%"
"2022-12-15","1,100.80","1,095.52","1,105.61","1,095.19","","0.19%"
"2022-12-14","1,098.66","1,093.65","1,100.89","1,093.65","","0.60%"
"2022-12-13","1,092.15","1,099.48","1,100.21","1,092.15","","0.15%"
"2022-12-12","1,090.46","1,089.79","1,091.53","1,087.87","","0.08%"
"2022-12-09","1,089.56","1,081.23","1,092.19","1,081.23","","0.74%"
"2022-12-08","1,081.52","1,084.47","1,084.47","1,073.90","","-0.16%"
"2022-12-07","1,083.20","1,079.28","1,089.15","1,079.28","","-0.19%"
"2022-12-06","1,085.22","1,082.44","1,087.11","1,080.54","","0.00%"
"2022-12-05","1,085.27","1,087.05","1,090.91","1,083.32","","-0.15%"
"2022-12-02","1,086.95","1,091.25","1,091.25","1,079.84","","-1.52%"
"2022-12-01","1,103.70","1,106.32","1,110.02","1,103.70","","0.43%"
"2022-11-30","1,098.99","1,097.97","1,101.87","1,095.99","","0.10%"
"2022-11-29","1,097.92","1,095.79","1,099.59","1,090.58","","-0.15%"
"2022-11-28","1,099.62","1,110.51","1,111.60","1,096.70","","-0.58%"
"2022-11-25","1,106.04","1,104.51","1,106.64","1,101.55","","0.20%"
"2022-11-24","1,103.85","1,099.05","1,105.18","1,098.95","","0.83%"
"2022-11-22","1,094.79","1,090.34","1,096.77","1,089.43","","0.84%"
"2022-11-21","1,085.70","1,089.38","1,089.38","1,080.08","","-0.05%"
"2022-11-18","1,086.28","1,087.14","1,090.06","1,085.19","","0.18%"
"2022-11-17","1,084.34","1,075.41","1,084.60","1,074.26","","0.73%"
"2022-11-16","1,076.48","1,075.30","1,078.47","1,066.78","","0.26%"
"2022-11-15","1,073.71","1,066.31","1,075.16","1,065.52","","0.44%"
"2022-11-14","1,068.96","1,066.68","1,075.84","1,064.73","","0.14%"
"2022-11-11","1,067.46","1,063.31","1,068.46","1,060.24","","1.73%"
"2022-11-10","1,049.31","1,050.98","1,053.77","1,048.28","","-0.84%"
"2022-11-09","1,058.21","1,049.78","1,058.86","1,047.85","","0.50%"
"2022-11-08","1,052.90","1,043.03","1,053.36","1,042.96","","1.37%"
"2022-11-07","1,038.62","1,032.76","1,042.93","1,030.84","","1.29%"
"2022-11-04","1,025.42","1,051.94","1,051.94","1,022.64","","-3.71%"
"2022-11-02","1,064.92","1,060.52","1,068.87","1,060.52","","0.35%"
"2022-11-01","1,061.24","1,063.05","1,063.38","1,053.82","","0.05%"
"2022-10-31","1,060.67","1,068.31","1,068.31","1,051.58","","-0.16%"
"2022-10-28","1,062.35","1,061.24","1,071.66","1,059.69","","-0.65%"
"2022-10-27","1,069.32","1,072.26","1,074.99","1,067.20","","-0.53%"
"2022-10-26","1,075.00","1,078.12","1,082.76","1,075.00","","0.18%"
"2022-10-25","1,073.09","1,068.97","1,075.28","1,068.12","","1.09%"
"2022-10-24","1,061.53","1,067.59","1,071.99","1,061.10","","0.52%"
"2022-10-21","1,056.07","1,060.87","1,063.72","1,056.07","","-0.79%"
"2022-10-20","1,064.47","1,069.57","1,072.45","1,060.25","","-1.63%"
"2022-10-19","1,082.09","1,080.62","1,086.21","1,080.62","","0.19%"
"2022-10-18","1,079.99","1,081.00","1,082.11","1,071.62","","0.92%"
"2022-10-17","1,070.19","1,069.32","1,071.91","1,067.45","","-0.92%"
"2022-10-14","1,080.12","1,076.00","1,083.71","1,069.67","","1.79%"
"2022-10-13","1,061.11","1,063.45","1,066.55","1,060.29","","-0.65%"
"2022-10-12","1,068.03","1,073.52","1,077.43","1,066.49","","-1.12%"
"2022-10-11","1,080.11","1,089.05","1,091.84","1,079.31","","-2.03%"
"2022-10-07","1,102.48","1,100.46","1,107.13","1,093.79","","-1.13%"
"2022-10-06","1,115.06","1,108.92","1,119.85","1,108.92","","0.76%"
"2022-10-05","1,106.69","1,112.74","1,115.56","1,105.19","","0.33%"
"2022-10-04","1,103.07","1,093.59","1,106.40","1,090.74","","2.49%"
"2022-10-03","1,076.31","1,063.51","1,076.55","1,055.30","","1.50%"
"2022-09-30","1,060.40","1,079.35","1,081.16","1,057.28","","-2.11%"
"2022-09-29","1,083.27","1,077.63","1,086.10","1,074.92","","0.59%"
"2022-09-28","1,076.88","1,080.02","1,083.93","1,065.51","","-0.74%"
"2022-09-27","1,084.91","1,084.51","1,093.73","1,083.23","","0.69%"
"2022-09-26","1,077.44","1,100.82","1,100.92","1,076.58","","-3.29%"
"2022-09-22","1,114.13","1,105.50","1,114.82","1,104.30","","0.27%"
"2022-09-21","1,111.18","1,122.37","1,122.48","1,111.18","","-2.21%"
"2022-09-20","1,136.33","1,137.17","1,144.14","1,133.94","","0.90%"
"2022-09-16","1,126.19","1,127.42","1,132.10","1,124.67","","-0.18%"
"2022-09-15","1,128.22","1,129.15","1,130.50","1,123.77","","0.11%"
"2022-09-14","1,126.93","1,126.94","1,133.26","1,119.40","","-1.60%"
"2022-09-13","1,145.31","1,145.55","1,146.42","1,141.46","","-0.02%"
"2022-09-12","1,145.49","1,151.58","1,156.49","1,144.17","","0.32%"
"2022-09-09","1,141.89","1,141.06","1,143.46","1,136.67","","0.32%"
"2022-09-08","1,138.20","1,122.07","1,138.20","1,121.43","","2.39%"
"2022-09-07","1,111.62","1,110.24","1,111.62","1,102.96","","0.07%"
"2022-09-06","1,110.83","1,109.25","1,113.00","1,103.91","","0.44%"
"2022-09-05","1,106.01","1,108.12","1,108.72","1,101.83","","-0.36%"
"2022-09-02","1,110.00","1,114.28","1,114.28","1,104.93","","-0.19%"
"2022-09-01","1,112.14","1,118.48","1,118.71","1,108.80","","-1.20%"
"2022-08-31","1,125.64","1,113.56","1,126.36","1,113.53","","0.50%"
"2022-08-30","1,120.06","1,119.23","1,121.02","1,115.22","","0.84%"
"2022-08-29","1,110.74","1,117.92","1,117.97","1,108.31","","-2.35%"
"2022-08-26","1,137.47","1,145.33","1,145.33","1,136.38","","0.01%"
"2022-08-25","1,137.30","1,132.55","1,139.97","1,130.89","","0.92%"
"2022-08-24","1,126.96","1,124.79","1,134.08","1,124.79","","0.45%"
"2022-08-23","1,121.89","1,122.83","1,125.93","1,119.69","","-1.20%"
"2022-08-22","1,135.51","1,128.47","1,137.15","1,127.10","","-0.38%"
"2022-08-19","1,139.84","1,144.04","1,144.99","1,136.88","","0.05%"
"2022-08-18","1,139.25","1,133.16","1,140.49","1,132.53","","-0.38%"
"2022-08-17","1,143.56","1,131.95","1,143.56","1,130.72","","2.01%"
"2022-08-16","1,121.05","1,122.70","1,124.03","1,119.05","","-0.65%"
"2022-08-15","1,128.35","1,123.09","1,129.59","1,122.95","","0.72%"
"2022-08-12","1,120.23","1,110.59","1,120.56","1,109.87","","2.28%"
"2022-08-10","1,095.28","1,090.03","1,097.64","1,080.98","","0.31%"
"2022-08-09","1,091.92","1,099.72","1,102.73","1,090.33","","-0.95%"
"2022-08-08","1,102.40","1,088.48","1,103.57","1,088.48","","0.83%"
"2022-08-05","1,093.29","1,085.66","1,095.97","1,079.67","","0.03%"
"2022-08-04","1,092.93","1,088.48","1,093.53","1,084.29","","0.88%"
"2022-08-03","1,083.40","1,082.40","1,085.38","1,071.83","","-0.33%"
"2022-08-02","1,087.03","1,097.66","1,097.66","1,082.46","","-1.44%"
"2022-08-01","1,102.89","1,092.15","1,108.07","1,091.04","","1.35%"
"2022-07-29","1,088.17","1,094.37","1,095.95","1,085.33","","-0.60%"
"2022-07-28","1,094.77","1,101.99","1,103.89","1,089.29","","-0.15%"
"2022-07-27","1,096.43","1,087.54","1,097.96","1,085.30","","0.60%"
"2022-07-26","1,089.84","1,091.61","1,091.97","1,085.43","","0.13%"
"2022-07-25","1,088.40","1,090.54","1,096.26","1,087.08","","-0.73%"
"2022-07-22","1,096.39","1,089.34","1,097.71","1,089.03","","0.43%"
"2022-07-21","1,091.71","1,083.67","1,091.71","1,083.47","","0.25%"
"2022-07-20","1,088.96","1,073.63","1,088.96","1,073.29","","2.83%"
"2022-07-19","1,059.04","1,053.56","1,059.78","1,048.45","","1.41%"
"2022-07-15","1,044.28","1,052.18","1,052.18","1,039.83","","-0.20%"
"2022-07-14","1,046.34","1,041.53","1,050.43","1,039.69","","0.09%"
"2022-07-13","1,045.42","1,051.90","1,053.55","1,043.93","","0.35%"
"2022-07-12","1,041.76","1,065.63","1,065.63","1,041.72","","-2.68%"
"2022-07-11","1,070.46","1,072.85","1,076.05","1,066.34","","0.87%"
"2022-07-08","1,061.23","1,060.91","1,075.54","1,060.91","","0.42%"
"2022-07-07","1,056.78","1,047.31","1,058.71","1,038.30","","1.62%"
"2022-07-06","1,039.93","1,048.03","1,051.68","1,039.01","","-1.38%"
"2022-07-05","1,054.53","1,056.76","1,057.30","1,050.30","","0.43%"
"2022-07-04","1,050.01","1,052.75","1,054.74","1,045.75","","0.59%"
"2022-07-01","1,043.89","1,065.44","1,065.84","1,040.57","","-1.54%"
"2022-06-30","1,060.17","1,072.12","1,072.12","1,057.29","","-1.12%"
"2022-06-29","1,072.13","1,078.19","1,079.32","1,070.96","","-2.15%"
"2022-06-28","1,095.72","1,085.53","1,095.72","1,085.29","","0.73%"
"2022-06-27","1,087.82","1,085.01","1,091.39","1,083.87","","1.68%"
"2022-06-24","1,069.88","1,054.95","1,070.21","1,052.82","","1.68%"
"2022-06-23","1,052.20","1,053.46","1,063.10","1,049.75","","-0.12%"
"2022-06-22","1,053.46","1,071.42","1,071.42","1,053.46","","-0.85%"
"2022-06-21","1,062.45","1,050.29","1,068.12","1,048.21","","2.20%"
"2022-06-20","1,039.59","1,066.67","1,067.03","1,036.39","","-1.83%"
"2022-06-17","1,058.96","1,069.60","1,069.66","1,047.45","","-2.90%"
"2022-06-16","1,090.55","1,097.90","1,106.57","1,088.71","","0.35%"
"2022-06-15","1,086.78","1,098.15","1,100.55","1,086.78","","-0.56%"
"2022-06-14","1,092.89","1,081.93","1,094.74","1,078.74","","-0.37%"
"2022-06-13","1,096.97","1,098.08","1,100.09","1,090.78","","-1.78%"
"2022-06-10","1,116.86","1,113.92","1,125.25","1,113.55","","-0.69%"
"2022-06-09","1,124.59","1,125.95","1,131.81","1,121.47","","-0.43%"
"2022-06-08","1,129.46","1,120.12","1,131.53","1,120.12","","1.52%"
"2022-06-07","1,112.57","1,109.40","1,118.67","1,109.40","","0.98%"
"2022-06-06","1,101.74","1,095.52","1,103.94","1,095.00","","0.00%"
"2022-06-03","1,101.77","1,100.83","1,104.84","1,095.98","","1.06%"
"2022-06-02","1,090.25","1,090.17","1,097.02","1,086.02","","-0.40%"
"2022-06-01","1,094.62","1,074.45","1,094.62","1,073.89","","2.13%"
"2022-05-31","1,071.78","1,070.83","1,077.92","1,069.96","","-0.36%"
"2022-05-30","1,075.66","1,067.54","1,078.16","1,065.64","","1.97%"
"2022-05-27","1,054.91","1,056.12","1,057.91","1,050.33","","1.17%"
"2022-05-26","1,042.72","1,039.38","1,052.15","1,039.08","","0.84%"
"2022-05-25","1,034.05","1,037.10","1,041.02","1,030.71","","-0.15%"
"2022-05-24","1,035.62","1,049.83","1,049.83","1,035.48","","-1.32%"
"2022-05-23","1,049.43","1,051.70","1,053.89","1,044.95","","0.55%"
"2022-05-20","1,043.64","1,038.43","1,044.74","1,037.66","","0.15%"
"2022-05-19","1,042.10","1,030.68","1,043.73","1,022.03","","-0.70%"
"2022-05-18","1,049.46","1,049.94","1,056.41","1,043.89","","0.21%"
"2022-05-17","1,047.22","1,048.73","1,050.14","1,042.87","","-0.23%"
"2022-05-16","1,049.67","1,073.64","1,073.64","1,048.16","","-1.08%"
"2022-05-13","1,061.12","1,046.65","1,061.12","1,046.18","","1.08%"
"2022-05-12","1,049.82","1,046.00","1,058.23","1,041.46","","-0.27%"
"2022-05-11","1,052.66","1,052.65","1,058.02","1,048.65","","-1.11%"
"2022-05-10","1,064.45","1,053.44","1,067.51","1,043.65","","0.60%"
"2022-05-09","1,058.05","1,066.12","1,069.07","1,057.96","","-1.55%"
"2022-05-06","1,074.69","1,060.84","1,077.36","1,053.23","","0.89%"
"2022-05-02","1,065.22","1,049.20","1,069.00","1,048.64","","1.43%"
"2022-04-28","1,050.17","1,018.90","1,050.47","1,018.90","","3.49%"
"2022-04-27","1,014.78","1,020.84","1,020.96","1,007.14","","-1.84%"
"2022-04-26","1,033.84","1,038.89","1,040.66","1,031.73","","0.07%"
"2022-04-25","1,033.13","1,033.83","1,038.41","1,029.05","","-1.75%"
"2022-04-22","1,051.53","1,055.27","1,055.45","1,046.59","","-1.38%"
"2022-04-21","1,066.23","1,053.39","1,068.24","1,053.39","","1.44%"
"2022-04-20","1,051.14","1,050.50","1,058.98","1,046.87","","1.21%"
"2022-04-19","1,038.53","1,033.97","1,039.43","1,028.15","","1.13%"
"2022-04-18","1,026.97","1,026.78","1,028.21","1,017.87","","-0.80%"
"2022-04-15","1,035.22","1,034.53","1,040.04","1,027.37","","-0.97%"
"2022-04-14","1,045.37","1,033.01","1,045.69","1,033.01","","1.48%"
"2022-04-13","1,030.08","1,017.42","1,030.68","1,017.42","","1.71%"
"2022-04-12","1,012.76","1,026.27","1,026.88","1,012.76","","-1.45%"
"2022-04-11","1,027.62","1,030.41","1,036.38","1,021.17","","-0.38%"
"2022-04-08","1,031.51","1,035.82","1,040.75","1,028.02","","0.26%"
"2022-04-07","1,028.84","1,039.71","1,039.93","1,022.30","","-2.53%"
"2022-04-06","1,055.51","1,067.20","1,068.71","1,055.41","","-1.89%"
"2022-04-05","1,075.89","1,091.99","1,092.69","1,075.25","","-1.05%"
"2022-04-04","1,087.31","1,090.23","1,090.49","1,080.57","","0.03%"
"2022-04-01","1,086.97","1,085.42","1,089.65","1,072.92","","-0.50%"
"2022-03-31","1,092.41","1,091.54","1,100.17","1,087.46","","-0.96%"
"2022-03-30","1,103.05","1,110.06","1,112.82","1,091.58","","-0.49%"
"2022-03-29","1,108.43","1,102.52","1,109.48","1,100.61","","0.90%"
"2022-03-28","1,098.53","1,106.73","1,106.73","1,093.03","","-0.59%"
"2022-03-25","1,105.09","1,115.16","1,115.16","1,099.42","","-0.47%"
"2022-03-24","1,110.29","1,095.32","1,110.29","1,091.60","","0.14%"
"2022-03-23","1,108.69","1,099.35","1,110.26","1,091.43","","1.94%"
"2022-03-22","1,087.64","1,092.89","1,093.46","1,085.57","","0.22%"
"2022-03-18","1,085.26","1,076.21","1,086.27","1,074.74","","0.47%"
"2022-03-17","1,080.15","1,064.95","1,080.35","1,064.16","","3.07%"
"2022-03-16","1,048.00","1,046.54","1,054.75","1,041.85","","0.56%"
"2022-03-15","1,042.15","1,026.69","1,047.01","1,026.54","","1.54%"
"2022-03-14","1,026.30","1,025.94","1,033.78","1,022.24","","0.94%"
"2022-03-11","1,016.72","1,018.00","1,020.65","1,008.82","","-1.56%"
"2022-03-10","1,032.85","993.80","1,032.85","993.58","","5.88%"
"2022-03-09","975.45","986.51","997.30","972.20","","-0.08%"
"2022-03-08","976.19","980.82","999.96","973.78","","-1.52%"
"2022-03-07","991.22","1,011.39","1,012.02","979.36","","-3.52%"
"2022-03-04","1,027.37","1,064.18","1,066.02","1,024.54","","-4.34%"
"2022-03-03","1,073.98","1,074.19","1,077.76","1,068.62","","0.99%"
"2022-03-02","1,063.47","1,090.99","1,090.99","1,063.47","","-3.98%"
"2022-03-01","1,107.56","1,119.45","1,121.88","1,106.68","","-0.14%"
"2022-02-28","1,109.14","1,113.49","1,113.49","1,098.88","","0.37%"
"2022-02-25","1,105.02","1,100.32","1,106.36","1,093.69","","1.19%"
"2022-02-24","1,092.01","1,118.41","1,121.33","1,084.53","","-3.27%"
"2022-02-22","1,128.91","1,144.59","1,144.59","1,120.14","","-2.64%"
"2022-02-21","1,159.55","1,150.51","1,161.52","1,140.21","","-0.70%"
"2022-02-18","1,167.76","1,155.19","1,173.78","1,152.88","","0.17%"
"2022-02-17","1,165.80","1,179.54","1,180.34","1,160.12","","-1.24%"
"2022-02-16","1,180.47","1,172.31","1,180.96","1,169.91","","2.21%"
"2022-02-15","1,154.92","1,167.18","1,168.87","1,147.94","","-0.28%"
"2022-02-14","1,158.18","1,159.25","1,164.26","1,147.50","","-1.16%"
"2022-02-10","1,171.74","1,168.42","1,173.33","1,162.78","","0.94%"
"2022-02-09","1,160.88","1,132.13","1,162.88","1,131.92","","3.21%"
"2022-02-08","1,124.77","1,127.62","1,135.24","1,120.97","","0.10%"
"2022-02-07","1,123.62","1,114.30","1,124.65","1,111.02","","0.21%"
"2022-02-04","1,121.22","1,127.07","1,134.47","1,112.38","","-0.88%"
"2022-02-03","1,131.22","1,125.10","1,132.19","1,121.04","","0.27%"
"2022-02-02","1,128.21","1,108.66","1,128.26","1,108.66","","1.75%"
"2022-02-01","1,108.84","1,130.96","1,132.47","1,108.20","","-2.00%"
"2022-01-31","1,131.43","1,118.52","1,135.49","1,110.41","","0.98%"
"2022-01-28","1,120.47","1,112.87","1,120.60","1,101.64","","2.14%"
"2022-01-27","1,096.99","1,128.13","1,128.13","1,089.70","","-1.85%"
"2022-01-26","1,117.68","1,125.26","1,127.62","1,113.17","","-0.46%"
"2022-01-25","1,122.86","1,135.50","1,135.83","1,111.55","","-2.09%"
"2022-01-24","1,146.81","1,127.29","1,150.40","1,124.17","","1.67%"
"2022-01-21","1,127.94","1,122.45","1,129.78","1,108.69","","-1.08%"
"2022-01-20","1,140.22","1,130.18","1,146.00","1,122.54","","1.00%"
"2022-01-19","1,128.97","1,142.42","1,148.30","1,124.45","","-2.61%"
"2022-01-18","1,159.23","1,181.45","1,181.45","1,154.10","","-1.36%"
"2022-01-17","1,175.27","1,173.27","1,183.39","1,170.97","","0.56%"
"2022-01-14","1,168.67","1,180.22","1,181.47","1,156.89","","-1.59%"
"2022-01-13","1,187.60","1,198.94","1,200.79","1,187.06","","-1.12%"
"2022-01-12","1,201.03","1,185.21","1,202.01","1,185.13","","2.28%"
"2022-01-11","1,174.25","1,179.34","1,183.19","1,165.37","","-0.51%"
"2022-01-07","1,180.29","1,191.24","1,198.25","1,177.11","","-0.53%"
"2022-01-06","1,186.54","1,202.89","1,209.13","1,185.19","","-1.68%"
"2022-01-05","1,206.77","1,198.43","1,208.37","1,190.58","","1.20%"
"2022-01-04","1,192.45","1,198.03","1,198.03","1,188.53","","0.46%"
"2021-12-30","1,187.04","1,187.18","1,191.31","1,182.73","","-0.38%"
"2021-12-29","1,191.52","1,191.99","1,197.77","1,186.59","","-0.98%"
"2021-12-28","1,203.34","1,194.82","1,203.34","1,192.24","","1.38%"
"2021-12-27","1,186.92","1,190.80","1,192.01","1,182.64","","-0.24%"
"2021-12-24","1,189.73","1,189.63","1,191.96","1,186.14","","0.43%"
"2021-12-23","1,184.59","1,178.38","1,184.59","1,176.61","","0.91%"
"2021-12-22","1,173.90","1,173.87","1,177.56","1,169.15","","-0.04%"
"2021-12-21","1,174.41","1,173.30","1,179.20","1,166.91","","1.52%"
"2021-12-20","1,156.88","1,180.75","1,182.82","1,156.88","","-3.01%"
"2021-12-17","1,192.79","1,209.51","1,209.77","1,188.65","","-1.49%"
"2021-12-16","1,210.86","1,210.46","1,210.86","1,200.59","","1.19%"
"2021-12-15","1,196.62","1,195.37","1,202.64","1,195.37","","-0.15%"
"2021-12-14","1,198.44","1,194.93","1,200.26","1,191.31","","0.13%"
"2021-12-13","1,196.93","1,203.34","1,205.94","1,193.75","","0.08%"
"2021-12-10","1,195.95","1,201.93","1,209.94","1,192.99","","-0.38%"
"2021-12-09","1,200.50","1,207.33","1,208.60","1,199.90","","-0.50%"
"2021-12-08","1,206.49","1,211.92","1,212.62","1,204.03","","-0.20%"
"2021-12-07","1,208.87","1,185.62","1,210.67","1,178.93","","3.42%"
"2021-12-06","1,168.85","1,170.46","1,174.48","1,161.20","","0.09%"
"2021-12-03","1,167.81","1,153.08","1,168.39","1,145.08","","2.12%"
"2021-12-02","1,143.56","1,137.36","1,154.47","1,136.05","","-0.45%"
"2021-12-01","1,148.68","1,144.37","1,155.41","1,133.69","","0.75%"
"2021-11-30","1,140.15","1,168.04","1,178.83","1,140.02","","-0.97%"
"2021-11-29","1,151.36","1,159.60","1,171.67","1,149.21","","-2.44%"
"2021-11-26","1,180.10","1,193.18","1,193.63","1,172.96","","-1.36%"
"2021-11-25","1,196.39","1,198.26","1,201.34","1,194.41","","0.19%"
"2021-11-24","1,194.15","1,215.09","1,219.92","1,191.56","","-1.42%"
"2021-11-22","1,211.29","1,193.82","1,214.25","1,190.87","","1.07%"
"2021-11-19","1,198.42","1,196.16","1,201.54","1,190.71","","-0.11%"
"2021-11-18","1,199.68","1,183.14","1,203.46","1,180.42","","0.94%"
"2021-11-17","1,188.45","1,198.87","1,198.87","1,184.04","","-1.13%"
"2021-11-16","1,202.03","1,211.02","1,217.44","1,201.32","","-0.95%"
"2021-11-15","1,213.60","1,223.45","1,224.06","1,209.38","","-0.19%"
"2021-11-12","1,215.86","1,201.74","1,216.42","1,201.39","","1.41%"
"2021-11-11","1,198.93","1,192.31","1,202.55","1,192.20","","0.79%"
"2021-11-10","1,189.59","1,200.11","1,202.64","1,188.69","","-0.72%"
"2021-11-09","1,198.21","1,215.31","1,218.93","1,198.21","","-1.46%"
"2021-11-08","1,216.02","1,223.57","1,223.57","1,210.63","","0.25%"
"2021-11-05","1,213.02","1,225.40","1,230.20","1,208.15","","-2.10%"
"2021-11-04","1,239.03","1,222.79","1,239.03","1,220.12","","2.10%"
"2021-11-02","1,213.54","1,226.07","1,226.07","1,212.68","","-1.47%"
"2021-11-01","1,231.65","1,226.85","1,232.23","1,216.97","","2.01%"
"2021-10-29","1,207.38","1,218.88","1,220.18","1,205.11","","-0.98%"
"2021-10-28","1,219.33","1,212.44","1,223.94","1,208.56","","0.06%"
"2021-10-27","1,218.58","1,220.14","1,228.50","1,210.73","","0.11%"
"2021-10-26","1,217.19","1,216.05","1,227.50","1,215.18","","0.91%"
"2021-10-25","1,206.26","1,199.27","1,212.69","1,198.66","","-0.15%"
"2021-10-22","1,208.08","1,191.91","1,219.44","1,190.56","","0.41%"
"2021-10-21","1,203.18","1,218.91","1,220.97","1,203.18","","-1.20%"
"2021-10-20","1,217.85","1,223.80","1,232.14","1,217.82","","0.05%"
"2021-10-19","1,217.19","1,216.76","1,221.64","1,210.99","","0.48%"
"2021-10-18","1,211.35","1,209.85","1,212.08","1,202.62","","0.41%"
"2021-10-15","1,206.42","1,196.40","1,206.42","1,193.82","","1.89%"
"2021-10-14","1,184.08","1,179.67","1,184.26","1,176.06","","0.33%"
"2021-10-13","1,180.14","1,179.67","1,186.97","1,173.02","","-0.33%"
"2021-10-12","1,184.01","1,181.65","1,186.73","1,177.32","","-0.09%"
"2021-10-11","1,185.09","1,160.21","1,185.09","1,158.53","","2.68%"
"2021-10-08","1,154.14","1,155.46","1,164.86","1,152.75","","0.86%"
"2021-10-07","1,144.35","1,139.07","1,154.72","1,134.95","","0.48%"
"2021-10-06","1,138.92","1,132.64","1,165.57","1,130.49","","1.68%"
"2021-10-05","1,120.15","1,122.13","1,128.14","1,103.71","","-1.47%"
"2021-10-04","1,136.81","1,171.93","1,173.53","1,134.23","","-2.04%"
"2021-10-01","1,160.49","1,173.79","1,178.39","1,158.06","","-2.16%"
"2021-09-30","1,186.10","1,192.19","1,194.81","1,183.03","","0.00%"
"2021-09-29","1,186.10","1,189.20","1,193.07","1,174.93","","-2.26%"
"2021-09-28","1,213.50","1,203.06","1,213.93","1,192.72","","0.95%"
"2021-09-27","1,202.11","1,208.40","1,213.09","1,199.46","","-0.62%"
"2021-09-24","1,209.59","1,203.64","1,214.48","1,203.64","","2.19%"
"2021-09-22","1,183.71","1,198.52","1,201.36","1,183.71","","-1.37%"
"2021-09-21","1,200.17","1,209.87","1,210.04","1,195.50","","-2.61%"
"2021-09-17","1,232.35","1,232.85","1,236.93","1,229.69","","-0.55%"
"2021-09-16","1,239.11","1,259.60","1,260.95","1,236.07","","-1.51%"
"2021-09-15","1,258.11","1,256.48","1,258.63","1,248.05","","-1.29%"
"2021-09-14","1,274.51","1,264.81","1,275.23","1,262.95","","1.39%"
"2021-09-13","1,257.04","1,247.50","1,257.04","1,242.45","","0.52%"
"2021-09-10","1,250.57","1,235.26","1,250.57","1,235.26","","1.37%"
"2021-09-09","1,233.71","1,235.34","1,243.03","1,230.77","","-1.11%"
"2021-09-08","1,247.51","1,226.35","1,247.51","1,224.83","","1.09%"
"2021-09-07","1,234.03","1,237.45","1,243.20","1,232.02","","0.08%"
"2021-09-06","1,233.05","1,230.10","1,234.41","1,226.32","","1.31%"
"2021-09-03","1,217.12","1,204.29","1,218.67","1,203.06","","1.73%"
"2021-09-02","1,196.46","1,192.41","1,196.46","1,186.41","","0.50%"
"2021-09-01","1,190.52","1,171.99","1,190.52","1,171.99","","1.65%"
"2021-08-31","1,171.20","1,157.82","1,176.82","1,154.43","","0.44%"
"2021-08-30","1,166.08","1,156.98","1,166.08","1,153.47","","2.12%"
"2021-08-27","1,141.90","1,140.49","1,143.34","1,135.50","","-0.10%"
"2021-08-26","1,143.07","1,144.89","1,147.60","1,141.01","","-0.15%"
"2021-08-25","1,144.74","1,144.41","1,152.77","1,141.49","","0.00%"
"2021-08-24","1,144.69","1,129.32","1,146.23","1,129.32","","1.46%"
"2021-08-23","1,128.23","1,119.24","1,129.28","1,117.70","","1.83%"
"2021-08-20","1,107.94","1,125.12","1,127.46","1,106.71","","-2.02%"
"2021-08-19","1,130.82","1,136.52","1,141.09","1,129.64","","-1.02%"
"2021-08-18","1,142.52","1,141.05","1,149.00","1,135.24","","0.46%"
"2021-08-17","1,137.33","1,146.99","1,152.00","1,137.33","","-0.06%"
"2021-08-16","1,137.96","1,151.31","1,151.32","1,133.84","","-1.82%"
"2021-08-13","1,159.02","1,168.90","1,168.90","1,158.40","","-0.75%"
"2021-08-12","1,167.77","1,167.28","1,170.23","1,162.84","","0.73%"
"2021-08-11","1,159.31","1,145.65","1,162.79","1,145.00","","2.31%"
"2021-08-10","1,133.08","1,147.44","1,151.94","1,132.33","","-0.81%"
"2021-08-06","1,142.29","1,142.26","1,143.38","1,134.62","","-0.32%"
"2021-08-05","1,145.96","1,141.81","1,147.61","1,141.59","","-0.27%"
"2021-08-04","1,149.09","1,152.33","1,157.38","1,146.90","","-0.37%"
"2021-08-03","1,153.31","1,152.60","1,161.61","1,149.54","","0.35%"
"2021-08-02","1,149.31","1,120.00","1,153.23","1,119.21","","4.02%"
"2021-07-30","1,104.88","1,119.88","1,120.68","1,104.57","","-1.64%"
"2021-07-29","1,123.28","1,116.61","1,123.33","1,114.13","","0.90%"
"2021-07-28","1,113.22","1,113.55","1,120.22","1,109.46","","-0.77%"
"2021-07-27","1,121.89","1,125.57","1,129.48","1,119.75","","0.46%"
"2021-07-26","1,116.70","1,115.67","1,119.58","1,112.87","","1.82%"
"2021-07-21","1,096.76","1,100.24","1,107.61","1,093.23","","1.20%"
"2021-07-20","1,083.76","1,085.49","1,092.18","1,082.63","","-1.10%"
"2021-07-19","1,095.86","1,106.80","1,111.75","1,094.05","","-2.15%"
"2021-07-16","1,119.96","1,111.57","1,125.49","1,108.78","","0.46%"
"2021-07-15","1,114.87","1,123.20","1,126.15","1,113.40","","-1.16%"
"2021-07-14","1,127.97","1,126.76","1,134.95","1,125.65","","-0.91%"
"2021-07-13","1,138.37","1,123.08","1,138.37","1,123.08","","1.80%"
"2021-07-12","1,118.24","1,109.37","1,122.27","1,108.91","","2.42%"
"2021-07-09","1,091.77","1,082.04","1,094.50","1,073.27","","-0.57%"
"2021-07-08","1,098.05","1,113.38","1,114.39","1,098.05","","-1.39%"
"2021-07-07","1,113.53","1,111.53","1,116.14","1,106.66","","-1.32%"
"2021-07-06","1,128.39","1,129.82","1,132.85","1,125.98","","0.12%"
"2021-07-05","1,127.06","1,129.61","1,131.53","1,124.86","","-0.45%"
"2021-07-02","1,132.21","1,122.95","1,132.21","1,122.48","","0.75%"
"2021-07-01","1,123.74","1,132.31","1,133.21","1,120.23","","0.08%"
"2021-06-30","1,122.88","1,137.53","1,140.82","1,122.66","","-0.76%"
"2021-06-29","1,131.44","1,142.81","1,143.65","1,128.16","","-2.36%"
"2021-06-28","1,158.83","1,159.46","1,160.39","1,155.83","","0.04%"
"2021-06-25","1,158.41","1,156.35","1,159.27","1,151.09","","0.87%"
"2021-06-24","1,148.42","1,145.55","1,149.51","1,142.19","","0.10%"
"2021-06-23","1,147.26","1,145.13","1,152.33","1,144.29","","-0.21%"
"2021-06-22","1,149.69","1,135.43","1,151.00","1,133.34","","3.13%"
"2021-06-21","1,114.75","1,128.40","1,129.23","1,111.42","","-2.95%"
"2021-06-18","1,148.69","1,153.37","1,154.56","1,148.47","","-1.35%"
"2021-06-17","1,164.38","1,173.01","1,173.01","1,161.05","","-0.92%"
"2021-06-16","1,175.24","1,165.78","1,184.64","1,165.67","","0.76%"
"2021-06-15","1,166.37","1,165.99","1,172.90","1,162.78","","0.26%"
"2021-06-14","1,163.33","1,168.83","1,171.26","1,159.51","","0.54%"
"2021-06-11","1,157.06","1,164.36","1,164.36","1,152.36","","-0.54%"
"2021-06-10","1,163.30","1,156.50","1,167.18","1,155.07","","0.70%"
"2021-06-09","1,155.18","1,164.39","1,165.63","1,155.06","","-0.44%"
"2021-06-08","1,160.27","1,164.65","1,165.06","1,158.36","","-0.42%"
"2021-06-07","1,165.13","1,174.83","1,175.72","1,163.92","","-0.04%"
"2021-06-04","1,165.55","1,157.09","1,167.17","1,152.28","","0.45%"
"2021-06-03","1,160.35","1,155.91","1,167.24","1,155.84","","-0.06%"
"2021-06-02","1,161.05","1,151.04","1,164.93","1,147.34","","0.75%"
"2021-06-01","1,152.46","1,155.77","1,159.69","1,140.54","","0.64%"
"2021-05-31","1,145.14","1,160.75","1,160.75","1,142.38","","-1.78%"
"2021-05-28","1,165.86","1,154.33","1,168.86","1,154.33","","2.05%"
"2021-05-27","1,142.39","1,149.59","1,150.80","1,141.69","","-0.47%"
"2021-05-26","1,147.74","1,140.89","1,149.88","1,139.74","","-0.21%"
"2021-05-25","1,150.11","1,156.33","1,156.33","1,148.24","","-0.32%"
"2021-05-24","1,153.77","1,146.55","1,160.65","1,146.55","","0.87%"
"2021-05-21","1,143.78","1,138.47","1,147.46","1,137.32","","0.58%"
"2021-05-20","1,137.19","1,135.42","1,144.02","1,134.47","","-0.44%"
"2021-05-19","1,142.25","1,146.64","1,156.46","1,139.01","","-1.95%"
"2021-05-18","1,164.91","1,158.83","1,168.62","1,152.14","","0.72%"
"2021-05-17","1,156.59","1,170.44","1,170.44","1,148.05","","-0.20%"
"2021-05-14","1,158.92","1,164.72","1,166.46","1,154.49","","0.90%"
"2021-05-13","1,148.63","1,157.71","1,168.76","1,148.12","","-2.23%"
"2021-05-12","1,174.83","1,192.45","1,198.21","1,164.03","","-1.24%"
"2021-05-11","1,189.63","1,220.84","1,226.32","1,184.89","","-3.15%"
"2021-05-10","1,228.27","1,224.69","1,228.35","1,217.42","","0.55%"
"2021-05-07","1,221.52","1,211.85","1,222.62","1,207.01","","1.27%"
"2021-05-06","1,206.25","1,191.17","1,209.02","1,190.30","","1.84%"
"2021-04-30","1,184.47","1,201.59","1,205.79","1,184.25","","-1.60%"
"2021-04-28","1,203.78","1,197.42","1,207.15","1,193.75","","0.53%"
"2021-04-27","1,197.43","1,194.58","1,203.13","1,190.52","","-0.08%"
"2021-04-26","1,198.42","1,202.87","1,203.42","1,193.30","","0.05%"
"2021-04-23","1,197.85","1,193.50","1,201.33","1,193.16","","-0.47%"
"2021-04-22","1,203.53","1,200.80","1,206.93","1,192.56","","1.62%"
"2021-04-21","1,184.35","1,193.18","1,194.24","1,175.98","","-2.26%"
"2021-04-20","1,211.74","1,218.28","1,218.28","1,210.51","","-1.64%"
"2021-04-19","1,231.94","1,223.84","1,240.49","1,221.76","","0.74%"
"2021-04-16","1,222.94","1,219.82","1,223.21","1,215.85","","0.66%"
"2021-04-15","1,214.87","1,212.97","1,224.01","1,211.79","","0.07%"
"2021-04-14","1,213.96","1,217.52","1,217.52","1,208.57","","-0.81%"
"2021-04-13","1,223.82","1,214.56","1,232.92","1,213.98","","1.11%"
"2021-04-12","1,210.40","1,223.68","1,224.67","1,208.64","","-0.49%"
"2021-04-09","1,216.34","1,214.08","1,227.47","1,212.49","","0.24%"
"2021-04-08","1,213.39","1,219.68","1,223.55","1,208.39","","-1.18%"
"2021-04-07","1,227.83","1,214.23","1,230.01","1,212.48","","1.74%"
"2021-04-06","1,206.82","1,226.57","1,226.57","1,201.39","","-1.45%"
"2021-04-05","1,224.61","1,224.47","1,228.11","1,217.99","","0.60%"
"2021-04-02","1,217.29","1,219.56","1,225.58","1,210.81","","0.65%"
"2021-04-01","1,209.43","1,223.51","1,230.40","1,206.64","","-0.72%"
"2021-03-31","1,218.21","1,224.82","1,231.50","1,218.21","","-1.05%"
"2021-03-30","1,231.09","1,223.66","1,231.09","1,218.84","","0.28%"
"2021-03-29","1,227.60","1,238.38","1,241.25","1,216.72","","0.76%"
"2021-03-26","1,218.38","1,222.57","1,232.62","1,215.49","","0.69%"
"2021-03-25","1,210.04","1,197.57","1,216.49","1,197.25","","1.99%"
"2021-03-24","1,186.39","1,188.68","1,198.01","1,185.21","","-1.39%"
"2021-03-23","1,203.06","1,223.11","1,227.50","1,203.06","","-1.29%"
"2021-03-22","1,218.77","1,221.15","1,227.68","1,214.42","","-1.02%"
"2021-03-19","1,231.39","1,215.69","1,233.66","1,213.09","","0.83%"
"2021-03-18","1,221.29","1,207.28","1,221.55","1,206.11","","2.10%"
"2021-03-17","1,196.13","1,189.16","1,198.86","1,188.23","","-0.18%"
"2021-03-16","1,198.26","1,195.88","1,202.58","1,194.75","","-0.35%"
"2021-03-15","1,202.49","1,201.70","1,209.83","1,198.63","","1.00%"
"2021-03-12","1,190.63","1,186.07","1,190.63","1,174.83","","0.32%"
"2021-03-11","1,186.87","1,177.87","1,187.75","1,177.87","","0.98%"
"2021-03-10","1,175.39","1,167.71","1,175.67","1,163.22","","0.20%"
"2021-03-09","1,173.04","1,168.50","1,173.67","1,158.18","","1.56%"
"2021-03-08","1,155.04","1,165.67","1,170.83","1,148.69","","0.13%"
"2021-03-05","1,153.57","1,139.84","1,153.57","1,128.12","","1.03%"
"2021-03-04","1,141.82","1,145.04","1,155.11","1,129.38","","-0.46%"
"2021-03-03","1,147.14","1,137.82","1,147.61","1,134.30","","1.16%"
"2021-03-02","1,134.03","1,140.51","1,147.83","1,130.05","","0.04%"
"2021-03-01","1,133.59","1,123.68","1,138.55","1,123.10","","2.17%"
"2021-02-26","1,109.51","1,140.60","1,140.60","1,109.51","","-3.88%"
"2021-02-25","1,154.31","1,155.88","1,159.77","1,148.04","","1.28%"
"2021-02-24","1,139.75","1,149.33","1,153.74","1,138.33","","-0.63%"
"2021-02-22","1,147.00","1,156.43","1,160.45","1,145.69","","0.43%"
"2021-02-19","1,142.10","1,135.16","1,142.49","1,131.89","","-0.04%"
"2021-02-18","1,142.61","1,155.21","1,158.22","1,140.87","","-0.79%"
"2021-02-17","1,151.75","1,145.18","1,154.73","1,144.02","","0.25%"
"2021-02-16","1,148.88","1,154.36","1,156.79","1,143.80","","-0.61%"
"2021-02-15","1,155.89","1,153.35","1,159.30","1,150.03","","0.99%"
"2021-02-12","1,144.51","1,167.57","1,167.57","1,142.53","","-1.47%"
"2021-02-10","1,161.59","1,151.25","1,162.62","1,140.56","","0.24%"
"2021-02-09","1,158.79","1,176.79","1,176.79","1,149.38","","-1.33%"
"2021-02-08","1,174.38","1,166.47","1,176.98","1,164.77","","0.33%"
"2021-02-05","1,170.56","1,169.40","1,173.93","1,160.33","","1.20%"
"2021-02-04","1,156.70","1,148.95","1,158.77","1,146.42","","0.99%"
"2021-02-03","1,145.34","1,136.54","1,150.07","1,136.54","","1.43%"
"2021-02-02","1,129.19","1,120.89","1,132.44","1,120.57","","1.20%"
"2021-02-01","1,115.79","1,079.55","1,116.24","1,079.55","","3.71%"
"2021-01-29","1,075.89","1,089.26","1,095.54","1,074.84","","-0.76%"
"2021-01-28","1,084.11","1,066.97","1,088.89","1,060.82","","-0.35%"
"2021-01-27","1,087.95","1,086.49","1,096.24","1,085.75","","0.70%"
"2021-01-26","1,080.42","1,088.47","1,090.65","1,077.52","","-0.72%"
"2021-01-25","1,088.29","1,083.35","1,089.53","1,081.58","","0.40%"
"2021-01-22","1,083.92","1,077.72","1,087.86","1,077.72","","-0.32%"
"2021-01-21","1,087.43","1,091.04","1,100.72","1,082.73","","0.25%"
"2021-01-20","1,084.67","1,078.91","1,084.67","1,073.85","","1.15%"
"2021-01-19","1,072.38","1,071.49","1,080.06","1,068.66","","0.30%"
"2021-01-18","1,069.18","1,075.24","1,081.01","1,065.98","","-1.62%"
"2021-01-15","1,086.80","1,096.34","1,102.55","1,081.54","","-0.47%"
"2021-01-14","1,091.96","1,090.36","1,102.55","1,086.46","","-0.14%"
"2021-01-13","1,093.45","1,081.38","1,095.13","1,080.98","","0.89%"
"2021-01-12","1,083.82","1,074.90","1,088.30","1,074.14","","-0.19%"
"2021-01-08","1,085.93","1,076.63","1,085.93","1,068.55","","1.46%"
"2021-01-07","1,070.33","1,060.84","1,079.61","1,060.84","","2.69%"
"2021-01-06","1,042.26","1,036.88","1,043.45","1,032.74","","0.48%"
"2021-01-05","1,037.31","1,039.62","1,042.14","1,029.56","","-0.86%"
"2021-01-04","1,046.36","1,058.30","1,058.30","1,033.70","","-0.23%"
"2020-12-30","1,048.75","1,054.46","1,055.80","1,046.02","","-0.94%"
"2020-12-29","1,058.71","1,042.70","1,058.71","1,042.11","","1.36%"
"2020-12-28","1,044.47","1,046.49","1,047.97","1,039.45","","0.10%"
"2020-12-25","1,043.44","1,043.40","1,044.24","1,039.75","","0.26%"
"2020-12-24","1,040.71","1,032.87","1,042.70","1,032.87","","1.35%"
"2020-12-23","1,026.89","1,034.87","1,034.87","1,017.76","","-0.24%"
"2020-12-22","1,029.33","1,035.68","1,041.15","1,026.59","","-1.64%"
"2020-12-21","1,046.53","1,055.35","1,057.87","1,040.17","","-0.61%"
"2020-12-18","1,052.95","1,050.26","1,053.99","1,044.65","","0.97%"
"2020-12-17","1,042.85","1,049.96","1,050.11","1,037.12","","-0.85%"
"2020-12-16","1,051.84","1,054.24","1,056.27","1,049.56","","0.72%"
"2020-12-15","1,044.32","1,032.11","1,045.59","1,032.11","","0.96%"
"2020-12-14","1,034.35","1,025.20","1,041.46","1,024.51","","0.61%"
"2020-12-11","1,028.09","1,034.88","1,035.46","1,020.93","","-0.56%"
"2020-12-10","1,033.90","1,046.49","1,047.00","1,033.90","","-1.35%"
"2020-12-09","1,048.04","1,041.72","1,049.97","1,041.28","","0.91%"
"2020-12-08","1,038.62","1,037.68","1,047.82","1,035.83","","-0.31%"
"2020-12-07","1,041.85","1,058.81","1,059.80","1,038.93","","-1.02%"
"2020-12-04","1,052.63","1,045.26","1,052.82","1,043.82","","0.32%"
"2020-12-03","1,049.25","1,052.84","1,055.57","1,046.71","","-0.65%"
"2020-12-02","1,056.08","1,057.90","1,060.71","1,050.39","","0.59%"
"2020-12-01","1,049.86","1,034.02","1,051.99","1,034.02","","1.70%"
"2020-11-30","1,032.34","1,053.08","1,053.35","1,031.48","","-1.90%"
"2020-11-27","1,052.35","1,044.64","1,055.71","1,043.39","","0.44%"
"2020-11-26","1,047.79","1,044.29","1,049.08","1,040.85","","0.02%"
"2020-11-25","1,047.61","1,061.65","1,070.62","1,046.26","","-0.05%"
"2020-11-24","1,048.17","1,042.33","1,056.00","1,042.33","","2.09%"
"2020-11-20","1,026.67","1,021.16","1,027.46","1,019.64","","-0.16%"
"2020-11-19","1,028.31","1,028.60","1,033.10","1,023.70","","0.21%"
"2020-11-18","1,026.14","1,035.65","1,036.72","1,024.43","","-1.28%"
"2020-11-17","1,039.47","1,043.27","1,043.27","1,034.68","","0.36%"
"2020-11-16","1,035.72","1,022.32","1,039.38","1,018.44","","2.52%"
"2020-11-13","1,010.24","1,014.28","1,017.52","1,003.35","","-1.13%"
"2020-11-12","1,021.82","1,021.11","1,027.07","1,012.22","","-1.28%"
"2020-11-11","1,035.04","1,026.25","1,038.23","1,026.25","","2.63%"
"2020-11-10","1,008.52","1,000.98","1,019.66","999.88","","2.44%"
"2020-11-09","984.47","984.44","989.05","977.83","","0.82%"
"2020-11-06","976.49","966.31","978.18","964.99","","0.47%"
"2020-11-05","971.89","966.95","973.60","955.84","","-0.52%"
"2020-11-04","977.01","977.55","986.83","970.49","","1.37%"
"2020-11-02","963.83","947.18","968.89","945.87","","2.69%"
"2020-10-30","938.56","953.60","960.81","935.83","","-1.22%"
"2020-10-29","950.15","932.55","953.56","932.55","","0.20%"
"2020-10-28","948.30","945.47","948.38","938.65","","-1.08%"
"2020-10-27","958.67","954.08","959.67","946.69","","-0.39%"
"2020-10-26","962.43","966.23","971.53","960.95","","-0.68%"
"2020-10-23","969.02","970.22","973.08","962.64","","0.30%"
"2020-10-22","966.10","970.89","973.08","966.10","","-1.09%"
"2020-10-21","976.71","962.38","978.06","961.91","","1.69%"
"2020-10-20","960.52","955.01","965.73","955.01","","-0.32%"
"2020-10-19","963.56","959.25","966.93","958.70","","1.01%"
"2020-10-16","953.88","952.88","958.54","950.73","","-0.20%"
"2020-10-15","955.75","957.65","961.74","952.64","","-0.13%"
"2020-10-14","957.03","960.37","960.88","952.05","","-0.68%"
"2020-10-13","963.61","965.06","965.85","955.74","","0.08%"
"2020-10-12","962.80","968.15","968.25","959.30","","-0.95%"
"2020-10-09","972.04","979.54","979.54","969.00","","-0.48%"
"2020-10-08","976.76","980.96","985.25","975.94","","0.11%"
"2020-10-07","975.68","963.28","977.53","962.41","","0.34%"
"2020-10-06","972.42","969.41","974.68","968.04","","1.10%"
"2020-10-05","961.87","954.65","968.33","954.65","","2.20%"
"2020-10-02","941.17","953.67","958.05","937.83","","-1.27%"
"2020-10-01","953.27","953.27","953.27","953.27","","0.00%"
"2020-09-30","953.27","977.08","977.08","953.27","","-3.26%"
"2020-09-29","985.43","986.13","991.30","976.12","","-0.48%"
"2020-09-28","990.20","982.30","990.20","975.16","","1.77%"
"2020-09-25","972.96","966.85","974.93","965.39","","1.70%"
"2020-09-24","956.72","960.51","961.66","954.35","","-1.00%"
"2020-09-23","966.35","961.73","967.88","958.74","","-0.66%"
"2020-09-18","972.77","970.47","974.23","968.96","","0.84%"
"2020-09-17","964.71","968.73","969.80","961.93","","-0.71%"
"2020-09-16","971.64","974.53","976.09","970.38","","-0.50%"
"2020-09-15","976.50","981.72","982.41","974.47","","-1.03%"
"2020-09-14","986.63","979.08","987.24","977.82","","0.76%"
"2020-09-11","979.20","969.70","980.02","968.70","","0.69%"
"2020-09-10","972.52","954.54","973.22","954.54","","2.28%"
"2020-09-09","950.81","938.11","952.33","938.11","","0.17%"
"2020-09-08","949.22","945.76","949.94","944.75","","1.03%"
"2020-09-07","939.57","936.33","943.77","936.31","","0.54%"
"2020-09-04","934.55","919.55","935.45","919.55","","0.23%"
"2020-09-03","932.44","937.27","941.63","931.21","","0.50%"
"2020-09-02","927.76","928.79","930.12","925.34","","0.57%"
"2020-09-01","922.52","917.77","925.41","914.84","","-0.35%"
"2020-08-31","925.72","928.38","937.83","925.38","","0.92%"
"2020-08-28","917.24","925.52","937.85","910.58","","-0.41%"
"2020-08-27","920.97","924.54","924.54","918.11","","-0.65%"
"2020-08-26","926.98","920.55","926.98","917.36","","0.59%"
"2020-08-25","921.57","919.30","925.74","918.31","","1.69%"
"2020-08-24","906.27","904.56","907.33","898.29","","0.40%"
"2020-08-21","902.68","903.62","909.79","902.32","","0.09%"
"2020-08-20","901.83","906.03","912.56","901.03","","-1.22%"
"2020-08-19","912.93","908.18","914.47","907.15","","-0.18%"
"2020-08-18","914.54","914.32","915.69","908.11","","-0.22%"
"2020-08-17","916.60","922.24","925.95","916.60","","-1.11%"
"2020-08-14","926.90","933.24","933.93","926.22","","-0.15%"
"2020-08-13","928.33","925.29","934.04","925.29","","1.42%"
"2020-08-12","915.36","904.63","917.38","903.80","","1.30%"
"2020-08-11","903.65","880.35","903.65","880.35","","3.82%"
"2020-08-07","870.38","878.09","879.87","866.55","","-0.94%"
"2020-08-06","878.68","879.83","889.04","876.12","","-0.19%"
"2020-08-05","880.33","870.24","881.47","865.97","","0.44%"
"2020-08-04","876.46","861.59","876.46","861.59","","2.06%"
"2020-08-03","858.74","846.03","862.72","845.37","","2.52%"
"2020-07-31","837.60","854.92","857.65","837.60","","-2.93%"
"2020-07-30","862.92","876.49","876.51","861.94","","-1.62%"
"2020-07-29","877.17","885.52","885.52","877.17","","-1.28%"
"2020-07-28","888.55","892.03","899.27","887.16","","-0.19%"
"2020-07-27","890.20","884.14","890.20","870.39","","-0.39%"
"2020-07-22","893.73","900.75","906.81","893.73","","-0.71%"
"2020-07-21","900.10","897.04","901.78","893.97","","-0.14%"
"2020-07-20","901.33","896.49","902.39","888.25","","0.77%"
"2020-07-17","894.47","897.38","900.34","891.29","","-0.58%"
"2020-07-16","899.67","902.88","911.31","897.15","","0.44%"
"2020-07-15","895.74","893.47","901.05","890.60","","1.55%"
"2020-07-14","882.07","882.03","888.41","878.26","","-0.08%"
"2020-07-13","882.82","866.60","882.82","866.18","","3.76%"
"2020-07-10","850.83","866.10","866.17","850.83","","-2.02%"
"2020-07-09","868.41","871.83","873.52","862.44","","-0.91%"
"2020-07-08","876.39","877.53","889.91","876.39","","-0.47%"
"2020-07-07","880.55","886.47","888.27","874.08","","-0.55%"
"2020-07-06","885.38","869.73","885.65","869.44","","1.68%"
"2020-07-03","870.79","877.02","878.88","862.43","","0.36%"
"2020-07-02","867.64","870.44","875.32","863.74","","-0.49%"
"2020-07-01","871.90","887.76","888.00","869.12","","-1.58%"
"2020-06-30","885.93","893.41","898.74","885.35","","1.07%"
"2020-06-29","876.53","881.84","885.16","874.74","","-2.39%"
"2020-06-26","897.98","897.60","899.37","892.01","","1.18%"
"2020-06-25","887.53","890.14","893.15","882.59","","-2.05%"
"2020-06-24","906.09","912.83","912.94","901.92","","-1.15%"
"2020-06-23","916.61","919.90","925.04","906.06","","0.38%"
"2020-06-22","913.17","911.16","918.89","908.43","","-0.45%"
"2020-06-19","917.33","924.61","924.61","912.31","","-0.20%"
"2020-06-18","919.16","913.71","920.34","907.26","","-0.36%"
"2020-06-17","922.46","933.94","933.94","917.75","","-1.50%"
"2020-06-16","936.51","901.87","939.34","901.31","","5.88%"
"2020-06-15","884.51","911.00","914.90","884.51","","-3.07%"
"2020-06-12","912.54","908.93","915.98","890.02","","-1.71%"
"2020-06-11","928.46","947.37","949.60","928.45","","-3.50%"
"2020-06-10","962.14","954.06","964.70","952.40","","-0.21%"
"2020-06-09","964.13","977.43","977.43","957.52","","-1.04%"
"2020-06-08","974.27","970.67","976.67","965.28","","0.85%"
"2020-06-05","966.06","956.27","966.45","952.10","","1.28%"
"2020-06-04","953.89","966.96","967.37","944.97","","0.23%"
"2020-06-03","951.69","945.66","956.93","945.18","","2.35%"
"2020-06-02","929.87","925.40","933.82","921.78","","1.14%"
"2020-06-01","919.37","910.50","924.67","910.50","","0.67%"
"2020-05-29","913.23","918.76","929.09","913.23","","-1.58%"
"2020-05-28","927.91","932.09","939.54","916.33","","0.57%"
"2020-05-27","922.66","905.94","925.31","905.44","","2.42%"